,r,sb,sb_err
0,0.396,0.5886391977450881,0.2377714213821713
1,0.5600285706997457,0.4126774803763347,0.20957445927447335
2,0.8543219460599446,0.20015792319941905,0.09613429565998215
3,1.1540285706997457,0.1708654320589098,0.09858542042441235
4,1.340030129255209,-0.0049396870440578545,0.060630865880275935
5,1.6323458439188938,0.012357579653463294,0.06340040618406942
6,1.9190356632561099,0.09645236875193298,0.06024986894650001
7,2.286824240629205,0.10662235099486334,0.06743664115094777
8,2.6452976668013606,0.05001414127464671,0.048761102826967835
