,r,sb,sb_err
0,0.396,0.5091785010166672,0.162514281798068
1,0.5600285706997457,0.4540924003763766,0.23827815331288763
2,0.8543219460599446,0.2930141065338252,0.09619642072790655
3,1.1540285706997457,0.283932420699259,0.12541942709634613
4,1.340030129255209,0.10523555497954833,0.048998955541652414
5,1.6323963418971061,0.1628834816183731,0.038877922855267075
6,1.9314793044464504,0.11817239617926771,0.05810925150287545
7,2.2896033293453972,0.09696169320861486,0.05061082139975639
8,2.6166965536988958,0.006693165840374343,0.040298905425877586
