,r,sb,sb_err
0,0.396,0.41622906822949546,0.10681497932789007
1,0.5600285706997457,0.4714367985907847,0.09254489522243613
2,0.8543219460599446,0.08164065608206977,0.0801464170177749
3,1.1540285706997457,0.20657591814411475,0.05554797292296185
4,1.340030129255209,0.013495007591239774,0.05724845515491717
5,1.6323458439188938,-0.116551897342891,0.05901536205457488
6,1.9190356632561099,0.05580489850535905,0.04488377654597667
7,2.286824240629205,0.0253250454793627,0.046893526891713284
8,2.6642882731034097,-0.04165817944203915,0.06852546815615092
