,r,sb,sb_err
0,0.396,0.4667631765614114,0.15547845346450642
1,0.5600285706997457,0.37865764741301106,0.08142329712170368
2,0.8543219460599446,0.1253840250534796,0.09151033820427422
3,1.1540285706997457,0.28496627332774754,0.13332117141048144
4,1.334178917533307,0.021903080157437697,0.07686617899345538
5,1.6323963418971061,0.11807205165944382,0.08755306319664244
6,1.9137474552176714,0.013744592864708664,0.08872489698507403
7,2.2718773749101637,-0.0077489189523506415,0.08645795839065414
8,2.550283442249968,0.22438250929831777,0.10930923410011652
