,r,sb,sb_err
0,0.396,0.469782634385203,0.07049765467685055
1,0.5600285706997457,0.33715758660827017,0.1996869725877461
2,0.8543219460599446,0.315089900895081,0.09320553751048134
3,1.1540285706997457,0.09410871606544016,0.06987370969540593
4,1.340030129255209,0.10239246025120478,0.03498525701171006
5,1.6323963418971061,0.1797250169550274,0.06735651587793766
6,1.9314793044464504,0.04675403036002207,0.053658910313531455
7,2.2784054694847082,-0.0033985021698348175,0.056267834560226056
8,2.6333720927558026,0.07889134381029796,0.04782255082512002
