,r,sb,sb_err
0,0.396,0.63909120601533,0.11153402875600049
1,0.5600285706997457,0.49547083146011883,0.10296020947885139
2,0.8543219460599446,0.05687608470098748,0.04177819312556871
3,1.1540285706997457,0.11950120088117801,0.05364733283120722
4,1.340030129255209,0.06701189478420867,0.05612387580442852
5,1.6360647549895777,0.07529441097759781,0.0738501090662098
6,1.9212140925551509,0.07040739116208779,0.05743761504482715
7,2.272150210932049,0.06053916646506361,0.09538535083275364
8,2.65334563942819,-0.17110174123113575,0.0433653981681494
