,r,sb,sb_err
0,0.396,0.4561601056333537,0.0847413983355848
1,0.5600285706997457,0.36810018763032787,0.08904273878267516
2,0.8543219460599446,0.13683647686651124,0.06731108593885325
3,1.1540285706997457,0.15331426331880396,0.13730008952413594
4,1.334178917533307,0.03482177825710812,0.06424964200899345
5,1.6323963418971061,-0.0651023081645298,0.05387304135233804
6,1.9207784066953424,0.031815091554021374,0.083978009992348
7,2.2858125860386536,0.07735650255514424,0.0929290906085449
8,2.550283442249968,0.15865380807064489,0.127526499024425
