,r,sb,sb_err
0,0.396,0.46443092666126223,0.1619881293236244
1,0.5600285706997457,0.354441169962179,0.1503422879466809
2,0.8543219460599446,0.22241616214217283,0.05504006058436318
3,1.1540285706997457,0.09575907934224066,0.08952275689984208
4,1.340030129255209,0.09315620331286946,0.08737870437259154
5,1.6360647549895777,0.09379265421832587,0.06928103361170386
6,1.9190356632561099,-0.019720232097915177,0.07603340998687451
7,2.286824240629205,0.005421210421654313,0.05669441729166778
8,2.6642882731034097,-0.03624565685759903,0.06301224457417315
