,r,sb,sb_err
0,0.396,0.6522272158831847,0.13162575910467172
1,0.5600285706997457,0.2780212162587244,0.068442139536484
2,0.8543219460599446,0.1642254628733916,0.0694255621285676
3,1.1540285706997457,0.041413399628529364,0.09645140731506748
4,1.340030129255209,0.2422316708548703,0.0881868393109256
5,1.6360647549895777,0.022357413946029595,0.04891810538029303
6,1.9212140925551509,-0.09370961854341334,0.05936626837444113
7,2.2940114418533213,0.031894630020056255,0.05143212319788278
8,2.65334563942819,-0.020656201760457203,0.12438657000003245
