,r,sb,sb_err
0,0.396,0.4437295481472912,0.1771909988334227
1,0.5600285706997457,0.46589048331324606,0.0725058751669522
2,0.8543219460599446,0.18000995991599197,0.05589485843125609
3,1.1540285706997457,-0.02334074345964179,0.07991913444508923
4,1.340030129255209,-0.04811671762706771,0.05905745433694507
5,1.6358279744720787,-0.038365489137861294,0.1050508982326593
6,1.9212140925551504,0.032236606109348934,0.07338331660809853
7,2.272150210932049,0.007926203485078982,0.08765776739354957
8,2.6533456394281902,-0.16374835581304567,0.10107687329338834
