,r,sb,sb_err
0,0.396,0.583040809743247,0.23051027318450396
1,0.5600285706997457,0.23035452859935168,0.18713544108016042
2,0.8543219460599446,0.19737184240279365,0.09136391639715422
3,1.1540285706997457,0.048778459327876014,0.08132100392847547
4,1.340030129255209,0.0955631414635694,0.048287382687517554
5,1.6323458439188938,-0.07633481289875554,0.08825611864658962
6,1.9190356632561096,0.03836201400297562,0.0696747847627276
7,2.2868242406292056,-0.02285531055529895,0.09298670180456446
8,2.66540820393679,-0.10775003226526515,0.0711964547016512
