,r,sb,sb_err
0,0.396,0.557550641057832,0.022518036579001904
1,0.5600285706997457,0.12806393323948329,0.15405665386965778
2,0.8543219460599446,0.27610487243232334,0.11514039066557832
3,1.1608228565597964,-0.01939994049928539,0.1150759879609326
4,1.3107740706456985,0.0753888039576549,0.12154284503017893
5,1.6255835747253733,0.08876884551970371,0.05752138034578567
6,1.966943002904009,-0.12516045804250112,0.11959005004123735
7,2.3406506833297147,-0.18390413814996556,0.09308558776552689
