,r,sb,sb_err
0,0.396,0.5217185252516284,0.1845469505190093
1,0.5600285706997457,0.4114976720826478,0.26854466829018986
2,0.8543219460599446,0.14270865843822544,0.12293025608585506
3,1.1540285706997457,0.09652306602726346,0.08644488678446993
4,1.340030129255209,0.024772743377961887,0.06762771170308093
5,1.6360647549895777,-0.03134491471459171,0.08805212069050404
6,1.9222443125584199,0.07010224993221396,0.05624168659700643
7,2.286824240629205,0.11627236618052444,0.061435554212999344
8,2.5045239068533567,0.2899652548607922,0.1988889197769998
