,r,sb,sb_err
0,0.396,0.4246336819505025,0.034239012611950025
1,0.5600285706997457,0.2371612318607389,0.2606663699553906
2,0.8543219460599446,0.30727113699688413,0.12061129660246525
3,1.2031452620632122,0.1768370712670656,0.06336883221394739
4,1.4277983050837397,0.028175524869338307,0.08560014679449963
5,1.6785861739913488,-0.017711061144168653,0.049279827879986665
6,2.0347819974308594,0.11625108097934968,0.04223926354060156
7,2.396455239430111,0.00929837497441678,0.04310758379089477
8,2.7755809720819506,-0.008845797890811233,0.12050855748960819
